avg_glucose,encounter_count,has_diabetes,has_hypertension
101.9,2,0,0
151.9,2,0,1
134.8,3,1,1
91.8,4,0,1
114.1,2,0,0
167.6,2,1,0
69.8,4,1,0
117.7,4,0,0
158.4,3,0,0
107.2,2,0,1
111.7,4,0,1
125.7,2,1,1
163.8,5,0,0
112.7,2,0,1
117.3,5,0,0
117.6,2,1,0
180.9,4,0,1
180.5,2,0,0
152.1,3,0,0
137.3,3,1,0
145.7,2,1,1
163.8,4,0,0
105.5,4,0,0
156.2,4,1,1
97.9,4,0,1
112.7,4,0,0
149.8,1,0,0
93.7,4,0,1
124.6,1,1,0
107.3,1,1,0
121.9,5,1,1
60.8,3,1,0
85.5,1,0,1
111.2,3,0,0
150.3,2,1,0
123.8,1,0,1
128.1,4,0,1
144.5,1,0,0
106.9,5,0,0
134.8,4,0,0
108.7,4,1,0
86.5,2,1,0
118.6,4,0,0
141.8,1,1,0
136.1,3,0,1
127.7,2,1,1
185.4,4,0,0
137.9,4,1,0
151.5,3,0,0
181.7,3,1,0
96.9,1,1,0
103.1,2,1,0
169.8,4,1,1
108.8,1,0,0
128.7,4,1,0
153.7,5,0,0
149.4,1,0,0
170.1,3,0,0
163.9,3,0,1
153.7,4,0,0
109.5,1,1,0
147.1,2,1,0
135.5,4,1,0
96.2,3,0,0
162.0,1,0,0
147.4,4,0,1
129.1,5,1,0
122.4,4,1,0
99.2,5,1,0
132.8,5,0,0
139.2,1,0,1
108.1,2,0,0
155.9,3,1,0
101.7,4,0,0
77.0,3,1,0
153.0,3,1,0
118.3,1,0,0
125.0,2,1,1
107.9,1,1,0
89.5,3,0,0
158.1,1,0,0
111.5,2,0,1
167.9,3,0,0
147.4,3,1,1
120.4,4,1,0
101.9,4,0,0
110.4,3,0,0
98.9,3,0,0
178.1,4,1,1
131.9,4,1,0
155.6,1,1,0
97.6,2,1,0
132.3,5,0,1
156.3,3,0,1
120.0,1,0,0
152.7,1,0,0
102.0,1,1,0
95.3,4,1,0
137.1,2,1,1
118.9,2,1,0
143.4,1,1,0
80.5,3,1,0
145.1,3,0,0
190.4,2,0,0
127.4,3,0,0
128.8,4,1,1
132.3,5,0,0
83.3,3,1,1
138.2,2,1,0
89.5,2,1,1
117.7,4,1,0
157.8,5,0,1
110.4,3,1,0
140.0,3,0,1
152.3,3,0,0
134.7,2,0,0
95.1,2,0,0
120.0,2,0,1
175.0,3,1,1
79.4,3,0,0
121.4,3,0,1
114.7,1,0,1
130.9,4,1,1
146.0,2,0,0
166.6,3,1,1
121.5,4,0,0
147.5,1,1,0
140.0,3,0,1
139.4,1,1,1
114.5,1,1,1
104.1,2,1,1
101.6,3,0,0
109.8,4,0,0
135.7,2,1,0
146.3,1,1,0
135.8,2,0,1
114.8,5,1,0
171.3,1,0,0
164.5,4,1,1
119.5,4,0,0
108.2,3,0,1
131.1,5,0,1
158.4,3,1,0
136.0,5,0,1
141.4,4,1,0
122.9,4,0,0
139.0,5,0,1
165.1,3,1,1
122.2,2,0,1
131.4,1,0,1
134.1,3,0,1
134.8,3,0,0
94.1,2,0,0
83.0,5,1,1
103.5,5,1,0
132.0,2,1,0
141.3,5,0,0
115.3,2,1,0
161.1,2,1,1
124.6,3,1,0
128.5,1,1,0
123.3,1,0,0
131.2,4,0,1
144.9,4,0,0
144.0,2,1,0
106.4,4,1,0
164.6,5,0,0
101.7,5,1,0
129.9,2,1,1
121.4,4,1,1
102.8,3,0,0
126.2,3,0,1
110.2,2,0,0
129.7,2,0,0
137.7,2,0,0
163.3,4,1,0
135.4,3,1,0
113.3,4,0,1
118.6,3,0,1
131.4,2,0,0
130.2,5,1,0
163.0,3,1,0
161.5,3,0,1
119.4,4,0,0
114.8,2,0,0
66.6,4,1,1
114.8,2,1,0
104.5,1,1,1
119.5,4,1,1
137.4,1,0,0
132.3,3,0,0
127.3,2,0,0
132.8,3,0,0
125.0,1,0,1
132.7,3,1,0
50.5,1,0,0
121.5,3,0,1
125.3,4,1,1
119.8,3,0,1
122.8,4,1,0
144.9,1,0,1
113.6,3,0,0
180.8,1,0,0
144.5,4,1,1
127.8,4,0,1
123.0,2,0,1
125.9,3,0,0
106.0,1,1,0
125.7,3,1,0
134.7,5,1,0
141.9,3,1,0
141.9,2,0,1
121.4,2,0,0
94.0,2,0,1
111.9,2,0,1
166.7,3,0,0
149.5,5,0,0
136.9,2,1,1
109.7,4,0,1
128.1,1,0,0
97.9,3,0,1
114.8,3,1,1
122.1,3,0,1
119.3,3,1,1
151.0,4,0,1
94.0,1,0,1
107.2,1,0,0
95.0,1,0,0
98.3,3,0,1
131.0,2,0,0
89.6,4,0,0
146.1,1,0,0
122.1,5,0,0
129.7,5,0,0
135.7,4,0,0
117.6,4,1,0
152.8,2,0,0
123.3,1,0,0
142.3,1,1,1
123.2,3,1,0
135.0,3,0,0
134.7,3,0,1
134.0,1,0,1
104.6,4,0,0
138.5,4,0,1
120.3,1,0,0
143.1,3,0,1
76.3,2,0,0
92.8,1,0,0
136.7,1,0,0
172.7,4,0,1
148.0,3,0,0
111.6,2,0,1
87.4,3,1,0
145.8,4,0,0
126.1,1,1,1
142.2,5,1,0
130.8,1,1,0
128.7,2,0,0
199.0,1,0,1
127.9,3,1,0
124.2,2,0,0
125.1,5,0,0
114.0,1,1,0
151.8,2,0,1
119.5,3,0,0
143.3,2,1,0
134.8,3,0,1
157.3,2,1,0
138.1,1,1,1
98.9,3,1,0
96.2,4,0,0
161.8,3,0,0
113.4,1,0,0
96.3,3,1,0
111.9,1,0,1
158.4,5,0,1
93.9,2,0,0
107.2,5,1,0
112.0,3,0,1
98.0,5,1,0
99.6,4,0,0
91.6,1,0,0
116.9,1,1,0
119.5,4,1,0
111.6,3,0,1
88.3,4,0,1
158.1,3,0,0
96.1,2,1,1
134.7,4,0,0
102.2,1,0,1
144.0,4,0,1
150.9,3,1,1
106.9,3,0,1
81.8,1,0,0
144.7,2,1,0
173.0,3,1,1
138.0,2,0,1
131.9,1,0,1
147.7,2,1,0
146.4,5,0,1
108.1,2,1,0
112.2,3,1,0
142.7,3,1,0
124.5,3,0,0
159.6,2,1,0
111.1,3,1,1
146.0,4,0,1
136.2,2,1,0
125.0,2,0,1
156.2,2,1,0
144.3,5,1,0
103.9,3,0,0
143.4,4,1,1
161.0,3,0,0
124.9,3,1,0
122.0,2,1,0
111.9,4,1,0
127.7,3,0,1
144.5,4,1,0
108.4,3,1,0
95.7,1,0,0
119.0,1,0,1
94.9,3,0,0
140.6,2,1,0
117.8,5,0,0
85.9,1,1,0
119.6,3,0,0
123.4,5,0,1
138.8,2,0,1
124.5,4,0,0
172.8,1,0,0
115.6,1,0,0
126.5,2,0,0
125.5,3,1,0
121.2,3,1,0
131.4,4,0,1
141.0,4,1,1
160.2,1,0,1
90.3,4,0,1
115.8,1,1,1
117.3,4,0,0
150.5,5,1,1
119.4,3,0,1
82.5,3,1,0
130.1,2,1,0
127.2,3,0,1
132.3,4,0,0
103.0,1,0,0
169.3,3,0,1
120.2,2,0,0
123.5,4,0,0
106.4,1,1,0
105.7,4,1,0
98.7,2,1,0
118.6,3,1,0
105.0,2,1,1
177.4,5,0,1
82.7,1,1,0
100.9,3,0,0
118.4,2,1,1
144.2,4,0,1
118.1,2,0,0
144.2,5,0,0
104.3,5,1,0
129.4,3,0,1
169.9,1,0,1
104.8,5,0,1
138.1,3,1,0
133.0,3,0,0
74.0,3,1,1
113.9,1,0,1
155.1,1,0,0
131.2,3,1,1
98.9,1,0,0
144.6,4,1,1
116.5,5,0,0
136.6,4,1,1
137.0,3,1,1
101.2,4,1,1
147.0,4,0,1
103.8,3,1,1
96.7,1,1,0
106.8,1,1,0
119.7,3,0,0
130.6,2,1,0
109.5,2,0,0
145.9,3,1,0
134.0,2,0,1
111.3,3,0,0
149.3,2,1,1
155.9,3,0,1
125.6,3,0,1
122.8,2,0,1
85.4,3,1,0
118.2,2,0,1
121.0,5,0,1
133.9,4,0,0
124.0,1,1,1
133.9,4,1,0
164.8,3,0,1
115.3,4,1,1
116.2,4,0,0
96.6,1,1,0
127.8,2,1,1
151.4,5,1,0
86.0,4,1,0
112.0,1,0,0
128.9,2,1,1
148.4,3,1,0
137.2,2,1,0
135.8,2,0,1
122.6,5,1,0
139.6,3,1,0
152.3,3,0,0
87.0,3,0,1
145.5,1,1,0
125.6,2,1,1
115.3,5,1,0
69.4,5,1,1
94.9,3,1,1
168.8,4,1,0
111.5,3,0,0
102.0,5,1,0
117.0,4,1,0
110.1,4,0,1
131.0,1,0,0
164.4,1,0,0
113.9,3,0,1
131.7,5,1,1
100.5,5,0,0
164.5,3,0,0
132.5,1,0,1
102.0,1,0,1
149.7,3,1,0
156.8,2,0,1
131.9,2,1,0
88.7,4,0,1
170.8,1,0,1
135.4,1,1,1
156.1,2,0,1
114.8,2,0,0
118.4,1,0,0
130.7,3,0,0
154.7,2,1,1
131.4,5,1,0
97.8,1,1,1
134.3,1,0,1
167.1,1,0,0
129.6,2,0,0
131.1,3,1,0
97.7,5,0,0
94.3,5,1,0
112.7,2,1,1
120.2,1,1,0
130.5,3,0,1
132.0,2,1,1
166.4,1,0,0
129.4,4,1,0
153.5,3,0,0
127.1,2,0,0
162.8,4,1,0
83.1,4,0,0
113.6,5,0,1
151.6,2,1,0
123.9,1,1,0
150.4,2,1,0
137.2,5,0,0
150.7,1,1,0
142.7,5,1,0
144.2,3,1,1
163.8,1,0,0
151.7,4,0,1
151.9,3,0,0
128.5,1,1,1
114.0,2,0,0
112.2,4,1,1
146.0,4,0,0
69.5,2,1,1
96.6,4,0,0
104.9,2,1,1
122.1,3,0,0
64.8,5,0,1
158.2,2,0,1
142.4,3,0,0
175.6,4,0,1
153.5,2,0,1
152.7,2,1,0
182.0,5,0,0
114.3,3,0,1
91.9,4,0,0
122.4,5,0,0
108.2,3,0,0
121.8,4,0,1
102.8,5,1,0
141.6,3,0,0
140.3,3,0,1
127.4,1,1,1
135.5,3,0,0
124.6,4,0,1
146.0,2,0,1
129.7,1,0,0
121.6,1,0,0
150.3,3,1,1
158.3,1,1,0
160.1,3,1,0
104.2,4,0,0
115.2,4,1,0
87.2,4,1,0
122.3,4,0,1
138.0,4,0,1
124.8,1,0,1
174.3,3,0,1
118.3,1,0,0
101.9,3,1,0
141.6,2,0,0
131.6,2,0,0
141.2,2,0,1
135.3,4,0,0
133.9,1,1,1
77.1,2,1,0
110.6,1,0,0
113.8,2,1,0
119.6,1,1,0
117.2,2,0,0
137.9,1,0,1
142.4,2,0,0
100.8,3,1,1
144.5,5,0,0
142.1,3,1,0
139.2,3,1,0
94.0,1,1,1
138.6,2,1,1
130.0,2,1,1
151.1,2,1,0
170.8,4,1,0
166.1,2,0,0
130.7,2,1,0
128.0,4,1,0
143.2,4,0,0
101.2,2,1,0
93.2,4,0,1
116.7,4,1,1
157.3,1,0,0
120.1,2,0,0
164.1,4,1,0
61.1,2,1,1
89.9,4,0,0
125.0,2,0,0
149.3,3,1,0
126.3,2,1,1
125.7,3,1,0
125.1,3,1,0
85.7,4,1,1
155.8,5,0,0
111.6,2,1,0
154.1,1,1,0
126.3,2,0,1
153.6,4,0,0
136.2,2,0,0
125.4,2,1,1
133.4,5,1,0
92.6,4,0,1
128.1,5,0,0
169.2,1,1,0
159.4,3,1,1
104.4,5,0,0
140.1,2,1,0
134.0,3,0,0
147.6,1,0,1
130.3,2,0,1
122.4,2,0,1
159.9,2,1,1
133.2,3,0,1
158.1,4,0,1
151.4,2,0,0
120.2,4,0,1
124.0,2,0,1
174.3,2,1,0
132.6,1,1,0
109.8,1,1,1
99.2,1,1,1
151.4,3,1,1
131.8,3,0,0
109.0,1,0,0
144.2,3,0,1
131.8,4,1,1
88.1,3,0,1
142.1,3,1,1
160.0,3,0,0
189.4,2,0,0
128.8,3,0,1
133.6,5,0,0
166.6,4,1,0
132.0,4,0,0
134.6,4,0,0
112.9,2,1,0
94.5,4,0,0
149.9,2,0,0
97.4,3,0,0
155.4,3,0,0
109.1,1,0,1
134.4,3,1,0
119.1,3,1,0
156.2,3,1,0
135.2,1,1,0
175.0,2,1,1
102.0,2,0,0
137.9,4,1,0
129.1,4,1,1
134.7,2,0,0
166.3,2,1,0
142.0,4,0,0
100.5,2,0,0
140.8,3,1,1
118.0,2,0,0
116.6,1,1,0
153.1,3,1,0
113.5,3,0,0
118.9,1,1,1
128.8,1,0,1
150.7,1,0,0
142.0,1,0,0
122.4,2,0,0
121.5,4,1,0
100.2,2,1,0
109.8,3,0,1
112.3,5,0,0
124.4,2,1,0
175.7,4,0,0
111.8,2,0,0
120.9,4,0,0
78.7,2,1,0
142.4,4,1,0
90.1,1,1,1
106.2,3,1,0
153.0,5,1,0
77.5,1,1,0
130.3,1,0,1
147.2,2,1,0
164.6,1,0,0
105.9,3,0,0
113.0,3,0,0
171.3,3,1,0
127.4,5,0,0
110.3,2,0,1
110.8,2,1,0
104.7,3,0,1
117.4,4,1,0
154.1,2,1,1
149.3,4,0,0
99.8,1,0,0
133.2,5,0,1
118.3,5,1,0
146.8,2,0,0
124.2,4,0,1
136.9,2,0,1
124.2,3,0,1
75.5,4,1,0
129.1,4,1,0
97.5,4,1,1
145.9,3,1,1
111.7,3,1,0
113.5,3,0,0
127.8,3,1,0
141.9,3,0,0
123.9,2,0,0
167.4,1,1,0
167.6,3,0,0
169.2,2,1,1
122.4,3,0,0
92.4,3,0,1
157.3,2,0,0
118.0,2,0,0
128.9,3,0,1
143.1,2,0,0
89.5,4,1,1
167.1,4,0,0
149.0,5,1,1
136.5,1,0,1
149.4,1,0,0
141.4,3,0,0
130.8,4,1,1
120.6,2,1,1
110.3,1,1,0
134.9,4,0,0
136.7,4,0,1
154.0,5,0,0
132.8,2,1,1
107.5,3,1,0
90.2,4,0,0
124.9,3,0,0
127.3,1,1,1
125.6,3,1,0
91.3,5,1,0
153.8,2,1,1
153.7,3,1,0
108.2,4,1,1
147.3,2,0,0
150.9,2,1,1
128.9,3,0,0
105.2,2,0,0
166.7,5,1,0
137.1,4,0,0
122.0,2,0,0
146.5,1,0,0
166.9,3,0,0
116.1,4,0,0
144.6,5,0,0
174.6,1,1,0
101.2,4,0,0
114.8,3,1,0
113.7,5,1,0
124.2,4,0,0
123.0,1,0,0
135.2,3,0,0
108.3,4,0,0
113.1,4,0,0
135.2,5,0,1
131.7,4,0,1
149.0,5,1,1
137.8,3,1,0
146.5,3,1,1
100.6,1,1,0
118.8,2,0,0
172.4,2,1,0
137.4,5,1,0
145.9,2,0,0
134.5,4,0,1
138.2,2,0,1
122.5,3,0,1
213.7,3,1,1
118.5,1,0,0
127.1,2,0,1
69.8,5,0,0
154.6,3,0,1
114.7,4,0,1
126.5,4,1,0
115.3,5,1,1
124.7,2,0,0
121.2,2,0,1
127.0,1,0,0
126.7,4,0,1
124.3,3,1,0
124.0,4,1,1
159.4,1,0,0
149.2,4,1,0
149.3,3,0,0
110.4,1,0,0
158.2,3,0,0
155.2,3,1,1
114.7,2,0,0
164.6,4,1,0
111.6,3,1,0
83.8,4,0,0
154.4,4,1,1
125.1,1,1,1
151.4,3,1,0
109.9,4,1,0
97.7,1,1,1
157.6,4,0,1
94.2,4,1,0
90.5,1,0,1
81.8,4,0,1
60.9,3,0,1
103.1,4,0,0
75.9,4,1,1
127.1,1,1,1
74.3,1,0,1
101.7,3,0,0
184.0,2,1,0
136.3,2,0,1
129.3,1,1,1
89.1,4,1,1
122.1,3,0,0
129.2,4,0,0
89.5,3,0,0
131.0,1,1,1
156.6,2,0,1
119.6,4,1,1
123.3,1,0,0
79.0,5,1,1
94.4,2,1,0
153.4,2,1,1
112.1,3,1,0
105.7,4,0,0
111.4,4,0,0
126.6,4,1,0
100.2,3,0,0
131.0,2,1,0
95.4,2,0,0
146.6,5,0,0
102.6,3,0,1
159.7,5,1,1
127.8,3,1,1
107.7,2,1,0
149.9,3,1,1
95.0,5,1,0
114.9,4,0,1
128.0,2,0,1
125.1,1,0,0
79.8,2,0,0
105.9,4,1,0
132.0,1,1,0
96.3,4,0,0
158.4,2,0,0
139.9,2,1,1
115.7,5,0,0
122.7,2,1,0
172.7,3,1,0
150.5,2,1,1
137.1,2,1,1
94.0,1,0,0
167.1,2,0,0
153.3,3,0,0
124.4,2,0,0
114.8,4,0,0
123.5,3,1,0
99.2,2,0,0
116.7,1,0,1
146.3,3,0,0
84.6,3,1,0
120.5,4,0,0
130.7,5,1,0
130.5,2,1,0
99.7,4,1,0
99.6,2,1,0
154.1,2,0,0
98.6,2,0,0
152.2,2,0,1
116.4,1,0,1
153.9,3,1,0
117.9,3,1,0
100.0,2,0,0
148.6,3,1,1
127.6,3,1,0
162.8,3,0,0
149.4,3,1,1
122.5,5,0,0
117.2,3,1,0
128.6,3,0,0
132.6,3,1,0
106.8,2,1,1
148.2,1,0,0
118.5,1,1,0
117.8,2,1,0
115.0,3,0,1
133.5,1,0,0
111.4,2,0,1
131.2,1,0,0
194.4,3,0,0
126.7,3,1,0
117.6,4,1,0
88.0,3,1,1
129.2,4,1,0
101.4,4,0,1
119.0,4,0,0
131.6,2,1,0
86.5,3,0,0
131.8,2,0,1
135.3,3,0,0
96.9,5,1,0
118.6,5,1,0
84.1,3,0,1
165.8,1,0,0
135.9,5,1,0
123.7,1,0,0
124.1,1,0,0
155.2,3,1,0
125.7,4,0,0
135.9,3,0,1
164.4,3,0,1
119.7,2,0,0
101.8,3,0,1
108.2,4,0,0
162.3,2,0,1
130.2,3,1,0
115.9,3,0,0
151.4,4,0,1
152.0,3,1,0
116.6,1,0,0
104.7,3,0,0
90.3,2,0,1
84.9,3,0,1
121.6,3,0,1
106.6,1,0,1
172.6,1,1,1
129.4,1,0,0
81.4,1,0,0
162.0,3,0,1
131.9,1,1,0
144.9,4,0,0
144.4,3,1,1
135.1,4,0,0
140.6,3,1,1
133.7,5,0,0
101.4,4,1,1
136.8,3,0,1
152.6,2,0,0
123.0,1,1,1
141.2,4,0,0
138.1,3,0,0
171.6,2,1,1
121.9,4,1,0
121.0,2,0,0
125.2,2,0,0
125.5,4,0,1
73.5,4,1,0
112.6,4,0,0
135.2,4,0,0
127.8,3,1,0
108.8,2,1,0
112.0,3,1,0
119.5,2,0,0
108.8,4,0,0
115.7,1,0,0
115.1,2,0,1
149.5,1,1,1
152.4,2,1,1
150.4,1,1,1
138.2,5,0,0
111.0,2,1,1
151.0,4,0,0
120.5,4,0,0
128.6,1,0,1
160.1,3,0,0
130.0,2,0,1
133.9,2,0,1
94.1,4,0,0
139.7,2,0,1
104.5,2,1,0
152.3,4,0,0
123.6,2,1,0
74.3,2,1,0
119.4,4,1,1
122.5,1,1,0
139.7,3,1,0
144.1,2,0,0
120.1,4,0,1
152.3,3,0,0
52.0,1,1,0
110.9,1,1,0
101.3,4,1,1
97.9,2,0,1
151.0,1,1,0
147.9,4,1,0
109.4,3,0,0
156.3,2,0,0
130.4,3,1,0
117.9,3,1,0
111.4,5,1,0
109.3,1,1,1
139.3,1,1,0
143.6,2,0,1
133.7,4,1,1
78.8,3,0,0
135.1,2,1,0
141.6,2,0,1
111.9,3,1,0
129.0,2,1,0
83.3,3,1,1
98.5,1,1,1
120.2,3,1,0
120.6,2,0,1
136.4,3,0,0
99.5,4,0,1
119.8,1,1,1
116.2,2,0,0
140.7,3,0,1
162.1,3,1,0
169.3,1,0,0
90.4,1,0,0
126.8,3,0,1
101.3,4,0,0
126.4,2,0,1
138.2,2,0,1
130.0,2,0,0
126.8,2,0,1
163.6,5,0,1
145.3,3,0,0
121.5,2,1,0
128.6,2,0,1
148.9,2,0,1
142.6,2,0,0
117.8,3,0,0
85.4,3,1,1
99.6,3,1,1
131.5,1,0,0
85.1,3,0,0
124.3,3,0,0
117.1,5,1,0
152.0,2,1,1
96.4,1,1,0
81.6,5,1,1
117.9,3,1,0
143.2,1,1,0
153.7,2,0,1
106.2,2,0,1
139.3,4,0,0
101.3,2,0,0
110.0,5,1,0
141.6,3,0,0
145.2,1,1,0
104.0,3,0,0
139.4,3,0,0
83.2,5,1,0
123.1,5,1,0
100.8,5,0,0
108.6,3,1,1
97.4,3,0,0
141.3,3,0,0
141.3,1,0,0
111.4,2,1,0
137.0,2,0,0
134.3,4,1,0
124.9,1,0,0
179.8,4,0,0
107.8,2,0,0
128.3,2,0,1
118.8,5,1,0
119.1,2,0,0
131.8,4,0,0
120.9,4,0,0
107.3,2,0,0
131.0,2,0,1
156.4,1,0,1
150.6,3,0,1
132.9,1,0,1
110.4,1,0,0
132.5,3,1,1
154.0,1,1,0
156.6,2,0,0
136.6,4,1,0
119.3,4,0,1
123.1,5,1,0
146.5,5,0,1
144.5,3,1,1
85.8,5,0,1
143.8,2,0,0
145.1,3,1,0
106.7,3,0,0
109.6,1,1,1
109.8,1,1,1
111.7,2,1,0
94.0,5,0,0
135.5,5,0,0
109.1,3,0,1
126.3,1,1,0
116.1,5,1,0
134.1,1,1,1
103.7,3,0,0
133.9,3,1,1
137.4,4,1,0
147.9,5,0,1
175.2,2,1,0
77.8,2,0,0
135.7,3,0,1
111.0,2,1,0
81.8,3,1,0
148.2,2,0,1
160.0,5,0,1
118.6,2,0,0
133.1,3,0,0
126.5,2,0,1
138.4,5,1,1
149.1,4,1,0
136.3,2,1,1
136.3,1,0,0
158.2,2,0,1
124.0,3,0,0
150.2,2,0,0
108.3,3,1,0
166.6,2,0,1
145.7,2,1,1
118.3,4,0,0
77.3,2,1,0
128.0,3,1,1
99.6,3,1,0
135.2,2,1,0
162.8,1,0,0
131.8,2,0,0
123.7,2,0,0
136.2,2,1,0
134.9,4,0,1
71.3,3,1,1
133.8,5,1,1
142.9,2,1,1
121.8,2,0,1
151.5,1,1,0
124.9,4,1,1
146.4,3,0,1
182.6,2,0,0
125.7,1,0,0
81.4,3,0,0
119.9,2,1,0
86.6,3,1,1
142.7,1,1,1
159.4,3,0,1
144.7,1,0,0
135.7,3,0,0
112.5,4,0,0
165.8,4,0,1
146.1,4,1,1
134.8,4,1,1
132.9,4,1,0
130.7,4,1,0
138.9,2,0,1
113.3,4,1,0
164.6,3,1,1
131.7,1,0,1
142.4,4,0,0
117.6,4,0,1
137.0,2,1,0
73.2,4,0,1
101.2,1,1,0
127.2,1,0,0
96.3,2,1,1
186.5,2,1,0
88.0,4,1,0
136.3,4,0,0
167.7,1,0,1
139.6,2,1,1
120.6,3,0,0
114.7,1,0,1
144.2,1,0,0
108.8,3,1,1
125.1,3,1,1
144.6,1,1,0
120.6,1,1,0
130.1,3,1,0
120.7,5,1,1
104.7,1,1,1
156.5,4,0,1
161.4,1,0,0
120.4,5,0,0
121.6,2,1,1
123.7,4,0,0
140.9,3,1,1
106.3,2,0,0
125.9,2,1,0
134.3,3,0,0
143.4,4,0,0
61.3,4,0,1
137.7,2,0,1
136.3,4,0,1
152.2,1,0,0
115.4,1,0,0
115.6,3,0,0
156.9,1,1,0
90.5,2,1,1
167.1,4,0,0
189.3,2,0,0
139.5,1,1,0
147.5,1,0,0
92.3,5,1,1
111.3,4,0,0
153.4,3,1,0
136.7,1,1,0
123.6,4,0,1
133.6,2,0,0
140.2,1,1,0
121.0,4,1,1
127.3,3,1,1
127.1,2,0,0
102.7,2,0,0
135.8,5,1,0
171.3,1,0,0
169.6,4,1,0
92.6,3,0,0
141.7,2,0,0
144.2,3,0,0
118.1,3,0,0
104.9,1,0,0
96.3,3,1,0
117.3,1,1,0
136.4,3,1,0
124.2,1,1,1
113.3,4,0,0
98.0,5,0,1
136.4,1,0,0
153.6,4,1,1
105.8,4,0,1
138.8,2,0,0
82.9,1,1,0
112.2,4,0,0
145.5,4,1,0
101.2,3,0,0
113.5,2,0,0
162.0,3,0,0
110.4,1,0,0
107.5,2,0,0
141.8,3,0,0
174.9,2,0,1
122.2,3,0,0
146.4,2,1,0
160.3,3,1,1
135.8,3,0,0
121.5,4,1,1
107.0,1,0,0
93.8,4,0,0
154.7,4,0,0
132.3,1,0,1
160.0,2,0,1
151.7,2,0,1
113.2,1,0,0
99.5,4,1,1
137.9,4,1,0
112.8,4,0,0
137.0,4,1,1
110.5,2,0,0
107.3,2,1,0
124.6,3,0,0
150.4,1,0,0
135.4,3,1,1
156.3,3,1,0
98.4,5,1,0
102.6,5,1,1
125.9,5,1,0
180.0,1,1,1
144.2,4,0,0
102.4,2,0,0
126.2,4,0,0
133.3,3,1,0
114.4,5,0,1
142.7,3,1,0
124.2,1,0,0
120.8,3,1,1
158.2,2,0,1
87.0,2,1,0
104.9,3,0,0
108.4,4,1,0
107.7,2,0,0
110.5,3,0,0
139.7,4,1,0
154.3,5,1,0
150.0,2,1,1
103.5,3,1,1
125.4,4,1,0
138.9,1,1,0
133.8,4,0,0
159.3,2,0,0
111.8,3,1,0
131.8,2,0,0
118.6,4,0,1
134.0,4,0,0
102.1,3,0,0
105.7,5,0,0
110.5,4,0,1
114.5,2,0,0
165.2,4,0,1
156.2,3,1,0
122.9,3,0,0
132.2,1,1,0
89.7,4,0,1
123.7,2,1,0
131.8,3,0,0
155.5,5,1,0
135.8,4,0,0
138.4,1,1,1
135.1,4,0,1
134.5,2,1,1
94.5,1,0,0
118.0,4,0,1
162.4,3,1,1
147.8,3,1,1
139.9,1,0,1
129.6,1,0,0
143.8,2,1,1
105.3,5,1,0
90.1,2,1,0
118.8,4,1,1
140.9,3,1,1
130.6,3,1,0
152.3,5,0,0
136.4,4,1,1
129.1,4,1,1
159.9,1,0,0
155.2,5,1,1
125.6,5,0,0
101.5,1,0,0
106.2,3,0,0
124.1,1,0,0
119.2,1,1,1
167.8,4,0,1
87.7,1,0,0
126.5,2,0,1
102.4,3,1,0
130.8,2,0,0
137.2,5,1,0
118.3,2,0,0
140.7,4,0,1
123.2,4,0,0
123.7,1,0,0
118.0,2,1,0
143.6,1,1,0
131.3,2,0,1
165.8,2,1,0
158.5,1,0,0
141.3,3,0,1
76.2,1,0,0
92.4,1,0,1
151.7,2,0,0
116.6,2,0,1
133.6,5,1,0
112.9,4,0,1
140.4,2,0,0
151.0,3,0,1
99.0,3,1,0
108.5,1,1,1
88.1,4,0,0
133.6,4,0,0
88.0,1,0,1
119.2,4,0,0
140.5,3,1,0
177.4,1,0,0
136.8,1,0,0
158.1,3,0,1
134.2,1,1,0
135.4,3,1,1
122.9,1,1,1
118.8,3,1,1
156.2,2,0,1
137.0,4,0,1
136.1,1,0,0
113.4,3,1,0
119.7,5,0,1
177.6,3,0,0
126.4,2,1,1
159.8,2,1,1
115.5,1,0,1
147.2,3,1,0
135.0,3,1,0
118.3,3,0,1
143.6,3,0,0
91.0,1,1,0
141.8,1,0,1
146.9,2,0,1
134.6,1,0,0
159.5,1,0,0
126.4,4,0,0
124.4,3,1,0
136.5,1,0,0
148.8,1,1,1
141.7,2,0,0
122.6,4,0,0
104.1,2,1,1
143.9,3,1,1
109.1,3,1,0
108.4,2,0,1
112.3,1,0,1
129.4,1,1,0
108.9,5,0,0
100.7,5,1,1
112.2,4,0,0
123.6,3,0,1
138.9,2,0,0
129.6,1,1,0
102.1,5,0,0
133.5,2,0,1
135.7,1,1,1
117.1,5,0,1
108.9,1,0,0
108.9,2,0,1
115.2,1,0,1
181.1,1,1,0
106.7,1,0,1
134.4,3,0,1
110.9,3,0,0
115.9,1,1,1
111.1,4,0,0
147.2,3,1,0
137.1,3,1,0
124.9,2,0,0
140.1,1,0,1
145.8,4,0,0
107.6,2,0,1
141.1,3,1,1
110.8,4,1,1
148.1,4,0,0
145.8,2,0,0
137.7,5,1,1
123.0,3,0,0
115.4,4,0,0
121.7,1,0,0
146.5,1,0,0
111.6,3,1,0
129.2,2,1,0
86.1,4,1,1
134.2,3,1,0
103.1,3,1,0
96.4,1,1,1
140.4,3,1,0
133.0,3,1,0
117.4,4,0,1
120.7,4,1,1
182.5,3,0,0
123.3,1,0,0
123.2,5,0,0
143.7,3,0,0
130.1,1,0,0
151.7,4,1,0
134.7,1,1,0
146.3,2,0,0
138.6,3,1,0
143.5,1,0,0
127.0,1,0,1
133.3,3,0,0
121.5,1,0,0
142.5,2,0,1
95.7,2,0,1
145.4,5,0,0
152.0,3,1,0
145.8,1,0,1
125.5,2,1,0
140.1,2,0,1
109.4,1,0,0
148.1,4,1,0
101.6,1,0,0
142.2,4,0,0
140.8,5,0,0
137.8,1,0,0
117.3,3,1,0
146.2,3,0,0
83.9,3,0,0
146.7,3,0,1
132.6,5,0,0
153.2,4,0,1
132.8,3,1,1
172.1,2,0,1
105.4,2,0,0
142.6,2,0,0
106.7,2,0,1
125.0,4,0,0
145.8,1,1,0
143.0,1,0,1
177.9,1,0,1
119.6,4,1,0
158.9,1,1,1
121.9,5,0,1
111.2,5,1,0
89.0,2,1,1
131.9,1,1,1
115.5,5,1,0
148.3,2,1,1
115.3,3,1,1
116.6,3,0,0
136.5,3,1,0
169.3,4,0,1
101.9,3,1,0
152.4,3,0,1
149.0,5,1,1
122.7,3,0,1
144.2,1,1,0
121.2,1,0,1
184.9,4,0,1
125.3,2,0,0
129.9,5,0,0
120.2,4,0,0
87.4,5,1,1
121.7,3,0,0
133.6,1,1,0
164.0,4,0,1
139.8,3,1,0
123.5,4,1,0
129.4,2,1,1
135.9,4,0,1
118.9,2,1,0
144.4,2,0,1
167.0,1,0,0
119.3,1,0,0
157.0,1,1,1
149.0,3,1,0
140.9,3,1,1
130.7,2,1,0
136.1,5,0,0
122.8,1,0,1
172.1,1,1,0
110.8,4,1,0
155.2,3,1,1
165.2,1,0,0
120.2,5,0,0
156.0,1,1,1
131.5,1,1,0
129.5,2,1,1
126.2,4,0,1
89.3,4,0,1
141.2,4,0,0
162.6,3,1,1
111.1,3,1,0
148.3,2,0,0
126.0,2,1,1
101.8,1,0,0
151.9,1,0,0
168.5,3,1,0
108.9,1,1,0
133.2,3,0,0
93.4,3,1,1
127.0,3,1,0
139.7,1,1,0
170.1,4,0,0
165.4,3,0,1
167.4,2,1,1
115.3,1,1,0
122.1,3,1,0
88.1,5,0,1
110.8,2,0,0
93.2,4,1,0
136.8,3,0,1
111.3,1,0,0
101.6,4,0,1
119.5,2,0,0
99.6,4,1,0
135.4,1,0,1
134.8,3,0,1
120.4,2,1,0
110.5,3,0,0
95.9,5,0,0
141.3,3,0,0
133.5,5,1,1
139.1,2,1,0
120.6,3,0,1
122.8,5,1,0
162.6,4,0,0
113.6,3,0,0
120.5,4,0,1
145.9,2,1,1
135.3,2,0,0
78.9,1,1,1
87.5,3,1,0
112.1,5,0,1
149.8,4,0,0
144.1,5,0,1
140.5,5,1,1
143.1,2,1,0
104.7,3,0,0
142.4,4,1,0
105.9,4,0,1
150.7,4,1,0
115.7,3,0,0
134.8,3,1,0
83.0,4,0,0
95.6,5,0,1
154.2,4,1,0
144.6,4,1,0
98.8,1,0,0
158.9,4,1,1
101.8,5,0,0
128.5,2,1,0
116.5,1,1,0
105.8,1,1,1
156.0,1,1,1
168.4,2,0,1
132.3,1,0,1
164.6,1,0,0
121.3,4,0,0
130.6,4,1,0
131.2,4,1,0
100.2,3,1,0
140.0,3,1,1
145.0,1,0,1
123.8,5,1,1
87.4,5,0,0
136.8,4,1,1
91.6,4,1,0
108.5,4,0,0
131.2,3,1,0
109.5,1,0,1
134.1,4,1,0
122.6,3,0,0
88.9,1,1,1
132.0,3,1,1
142.1,1,0,0
152.3,3,1,0
119.2,2,0,0
126.5,3,1,0
92.1,4,1,0
175.2,1,0,1
164.1,1,1,0
127.2,5,1,1
125.0,3,1,1
57.7,2,1,1
152.8,2,1,0
141.5,2,0,0
147.5,5,1,0
118.3,3,1,0
116.7,5,0,1
98.3,3,0,1
146.7,2,1,0
158.1,2,1,0
155.0,3,1,1
132.5,3,0,1
120.2,3,1,1
102.8,1,1,1
111.2,1,1,0
139.2,4,0,1
121.2,2,0,1
167.4,1,0,1
155.7,1,1,0
113.6,4,1,1
98.8,3,1,0
114.8,4,0,1
153.6,2,0,0
115.4,3,1,1
141.1,1,0,1
114.4,3,0,0
136.2,1,0,0
140.7,3,1,0
151.7,2,0,0
162.4,2,0,0
159.4,3,0,0
115.3,3,1,0
124.5,4,0,1
99.8,2,1,1
122.3,2,1,1
128.6,1,1,1
118.3,2,0,1
115.9,2,1,0
152.8,3,1,0
149.8,2,0,1
137.6,3,1,0
97.3,3,0,0
132.8,4,0,1
118.8,3,0,0
159.6,3,1,0
84.7,3,1,1
114.6,3,1,1
113.9,5,1,1
116.8,4,1,1
151.0,5,0,0
71.5,2,0,0
123.0,5,0,1
148.4,3,0,0
151.5,2,1,0
114.8,1,0,0
111.7,3,0,0
136.3,5,0,0
131.6,4,1,0
129.7,4,1,1
36.8,1,0,1
100.9,4,0,1
107.3,3,0,0
143.4,4,0,1
93.4,1,1,0
102.9,2,0,1
124.3,2,1,1
97.1,4,0,1
143.4,4,1,0
118.6,3,0,0
172.0,2,1,1
112.9,1,0,1
114.2,1,1,1
147.3,1,1,1
112.3,4,1,0
164.3,5,0,0
139.6,1,0,1
120.7,4,1,0
124.1,2,0,0
196.4,3,1,1
139.7,3,1,0
131.6,2,0,1
124.8,5,0,1
152.9,5,0,1
91.6,3,0,1
123.7,5,0,0
60.0,1,1,0
115.2,1,0,1
148.4,4,0,0
161.2,3,0,0
142.5,2,1,1
143.4,3,0,0
86.8,2,0,1
111.7,3,0,0
163.4,3,0,0
115.4,3,0,0
124.7,3,0,1
108.7,2,0,1
105.6,3,0,1
116.7,4,1,0
112.1,2,0,0
151.0,2,0,0
133.2,3,0,1
152.5,2,0,0
94.7,5,0,0
157.4,3,0,0
128.5,4,0,0
172.1,1,1,0
126.7,1,0,0
92.2,2,1,1
158.8,2,0,0
124.7,1,0,1
76.3,4,0,1
131.5,3,0,1
133.5,3,0,0
153.8,3,0,1
41.9,3,0,0
155.6,2,0,1
116.6,3,1,0
174.2,3,1,0
86.8,1,1,1
141.1,1,0,0
137.9,2,0,0
117.9,1,1,0
109.4,1,1,0
119.0,3,1,0
119.7,3,1,1
97.9,2,0,1
151.8,4,0,0
101.8,4,0,0
152.6,4,0,1
85.1,3,1,1
123.7,4,1,0
124.1,3,0,0
127.6,1,1,0
151.0,1,0,0
123.1,5,0,0
117.0,3,1,0
123.2,4,1,0
151.5,1,1,0
99.1,3,0,0
103.5,3,1,0
81.0,5,1,0
176.7,2,1,0
100.2,2,0,0
82.7,3,0,0
108.6,4,1,0
113.3,2,1,0
163.2,1,1,0
116.8,2,1,0
135.0,3,1,1
85.0,5,0,1
133.0,1,0,0
88.4,4,0,0
120.5,2,0,0
109.8,3,0,1
129.4,4,0,0
143.2,1,0,1
95.9,4,0,0
100.7,1,1,0
132.6,2,1,0
144.5,1,0,1
162.0,4,1,1
116.7,3,0,0
92.2,1,1,0
132.5,1,1,0
108.9,3,0,0
105.8,1,0,0
161.8,4,0,0
142.8,5,0,0
110.5,1,0,0
127.6,3,1,1
125.9,3,0,0
132.0,1,1,0
118.3,4,0,1
82.4,2,0,0
104.6,3,0,1
115.2,2,1,0
128.7,1,0,0
102.0,2,1,1
132.5,4,0,0
118.8,4,1,0
109.8,3,1,0
97.5,1,1,1
138.7,2,1,1
138.2,5,0,0
147.2,1,0,1
141.2,2,0,0
143.0,3,0,0
137.2,2,0,0
85.8,2,0,1
121.3,3,1,0
93.6,1,0,1
160.9,3,0,0
127.7,1,0,0
158.5,2,0,1
103.3,2,1,0
125.8,3,0,1
134.3,3,0,0
120.1,2,0,0
132.5,3,0,0
163.6,3,0,0
103.2,4,1,0
64.7,2,1,1
166.4,4,0,1
109.0,3,1,1
154.9,2,0,0
143.6,3,1,0
122.8,1,1,0
137.1,1,0,1
100.6,3,0,0
130.1,1,1,0
142.3,3,0,0
109.4,3,1,0
118.9,2,1,0
135.5,2,1,0
159.8,3,0,1
127.9,5,0,1
117.7,4,0,0
124.5,2,0,0
155.8,4,1,0
112.6,3,1,0
120.8,5,1,0
112.8,5,0,0
123.1,1,1,0
133.1,1,0,0
152.8,4,0,0
77.0,2,1,0
141.3,2,0,1
106.6,3,1,0
142.2,3,1,0
157.8,2,0,1
151.9,4,0,1
131.8,3,1,1
148.0,2,1,0
105.4,3,0,0
126.4,3,1,0
164.5,1,0,0
109.1,1,0,0
132.7,3,0,1
119.1,1,1,0
123.3,5,1,0
137.7,2,0,0
121.5,5,0,0
127.9,2,0,0
115.9,5,0,0
84.2,3,0,0
132.6,1,1,1
138.5,2,0,0
161.2,2,1,0
124.8,2,1,0
94.5,3,0,1
109.9,3,0,0
141.0,2,1,0
126.0,1,0,0
134.7,3,0,1
119.5,3,0,0
172.9,3,0,1
169.5,3,0,0
105.6,1,0,0
149.8,4,1,0
135.3,4,0,1
128.3,2,0,1
107.4,4,0,1
166.9,1,0,0
156.0,2,0,1
93.0,2,0,0
161.2,1,0,0
127.1,2,0,0
113.7,1,0,0
104.6,3,1,0
150.7,5,0,0
137.6,5,1,0
107.0,2,1,1
108.5,3,0,0
118.7,4,1,0
115.7,2,1,1
140.7,1,1,1
137.1,1,0,1
112.7,4,0,0
88.2,2,1,1
96.0,1,1,1
148.9,4,1,1
104.1,4,1,0
130.7,4,1,0
85.7,1,0,0
137.5,5,0,0
174.1,3,1,0
96.1,2,1,1
141.2,4,0,1
134.5,1,1,0
150.0,1,0,0
124.9,2,0,0
134.5,5,1,0
132.4,1,1,0
141.7,1,0,1
107.9,1,1,0
132.6,2,0,1
147.4,2,1,1
156.0,1,0,0
139.9,4,1,0
100.8,4,1,1
90.7,2,1,1
137.8,3,0,0
103.7,3,0,1
148.3,4,0,1
121.1,2,0,0
152.3,5,1,0
179.0,4,0,0
126.5,3,0,0
125.2,2,0,0
152.3,4,0,1
153.5,3,1,0
168.8,1,0,0
132.7,5,1,1
112.8,1,1,0
128.2,1,0,0
113.0,1,0,1
133.8,4,0,0
107.2,1,1,0
149.6,2,1,0
144.7,5,0,1
131.3,1,0,0
128.6,3,1,0
123.3,1,0,0
159.5,3,0,0
156.5,3,1,1
131.5,3,0,0
107.4,3,0,1
99.8,1,0,0
134.9,4,1,1
112.7,1,0,0
139.4,2,0,0
118.7,5,1,0
146.6,1,1,0
133.0,1,0,0
152.0,2,0,1
74.4,2,0,0
122.6,2,1,0
181.2,1,0,0
67.9,2,1,0
148.2,3,0,1
138.0,1,0,0
158.9,1,0,1
123.8,1,1,0
156.6,5,1,0
157.2,4,1,0
132.7,5,1,0
100.1,5,0,1
149.9,1,1,0
104.6,4,0,0
124.7,2,0,0
150.7,4,1,0
154.2,5,0,1
119.6,4,1,0
143.0,4,0,1
91.0,3,1,0
116.7,3,1,0
163.3,5,0,1
160.2,2,0,0
144.1,1,1,1
124.6,2,0,0
148.3,3,0,0
127.4,2,1,0
132.0,4,0,1
130.1,3,1,0
109.4,1,0,0
145.4,3,1,1
102.3,5,0,0
146.6,3,1,0
104.9,4,1,0
110.7,5,0,0
59.8,2,1,1
124.3,3,1,0
132.5,1,0,0
147.8,3,1,0
159.5,2,0,0
92.2,2,1,0
151.6,1,0,1
116.9,4,1,1
126.3,3,1,0
125.5,3,1,1
117.2,2,0,0
106.6,1,0,1
134.7,2,0,0
147.5,3,0,1
97.8,3,0,0
127.5,4,0,1
112.9,2,0,1
154.3,5,0,1
139.8,3,0,0
164.2,3,0,0
90.8,1,0,0
152.8,3,1,0
131.9,4,0,1
110.6,2,1,0
139.7,4,0,0
165.6,4,0,1
166.5,4,0,0
147.7,2,1,0
104.2,1,1,0
135.4,3,1,1
136.2,2,1,0
157.8,2,0,0
124.0,1,0,0
128.4,3,1,1
112.3,2,1,0
144.0,2,1,1
122.8,5,1,0
132.5,2,1,1
116.7,1,0,0
129.1,1,1,0
102.1,5,0,1
131.9,2,1,1
113.5,4,1,0
144.8,1,1,0
172.3,3,0,1
148.3,2,1,1
101.1,2,0,0
119.4,4,1,0
89.4,3,0,1
128.3,1,0,1
